{"cameraMode":{"drawMode":0,"name":"Shaded","section":"Shading Mode"},"sceneLighting":true,"audioPlay":false,"sceneViewState":{"m_AlwaysRefresh":false,"showFog":true,"showSkybox":true,"showFlares":true,"showImageEffects":true,"showParticleSystems":true,"showVisualEffectGraphs":true,"m_FxEnabled":true},"in2DMode":false,"pivot":{"x":11.939888000488282,"y":-7.038963317871094,"z":12.653984069824219},"rotation":{"x":0.3980826139450073,"y":-0.08407454192638397,"z":0.036544833332300189,"w":0.9126108288764954},"size":18.1110782623291,"orthographic":false}