{"cameraMode":{"drawMode":0,"name":"Shaded","section":"Shading Mode"},"sceneLighting":true,"audioPlay":false,"sceneViewState":{"m_AlwaysRefresh":false,"showFog":true,"showSkybox":true,"showFlares":true,"showImageEffects":true,"showParticleSystems":true,"showVisualEffectGraphs":true,"m_FxEnabled":true},"in2DMode":false,"pivot":{"x":258.66473388671877,"y":-1.8149914741516114,"z":232.20460510253907},"rotation":{"x":0.23021726310253144,"y":0.06504960358142853,"z":-0.015308285132050515,"w":0.9709137082099915},"size":17.74070167541504,"orthographic":false}