{"cameraMode":{"drawMode":0,"name":"Shaded","section":"Shading Mode"},"sceneLighting":true,"audioPlay":false,"sceneViewState":{"m_AlwaysRefresh":false,"showFog":true,"showSkybox":true,"showFlares":true,"showImageEffects":true,"showParticleSystems":true,"showVisualEffectGraphs":true,"m_FxEnabled":true},"in2DMode":false,"pivot":{"x":266.0185241699219,"y":-17.623233795166017,"z":249.97616577148438},"rotation":{"x":0.21355919539928437,"y":0.14936161041259767,"z":-0.03295360878109932,"w":0.9648853540420532},"size":30.068449020385743,"orthographic":false}