{"cameraMode":{"drawMode":0,"name":"Shaded","section":"Shading Mode"},"sceneLighting":true,"audioPlay":false,"sceneViewState":{"m_AlwaysRefresh":false,"showFog":true,"showSkybox":true,"showFlares":true,"showImageEffects":true,"showParticleSystems":true,"showVisualEffectGraphs":true,"m_FxEnabled":true},"in2DMode":false,"pivot":{"x":284.3962707519531,"y":-16.311023712158204,"z":46.905460357666019},"rotation":{"x":0.04215003177523613,"y":0.9385589957237244,"z":-0.1234387755393982,"w":0.31961795687675478},"size":35.15142059326172,"orthographic":false}