{"cameraMode":{"drawMode":0,"name":"Shaded","section":"Shading Mode"},"sceneLighting":true,"audioPlay":false,"sceneViewState":{"m_AlwaysRefresh":false,"showFog":true,"showSkybox":true,"showFlares":true,"showImageEffects":true,"showParticleSystems":true,"showVisualEffectGraphs":true,"m_FxEnabled":true},"in2DMode":false,"pivot":{"x":208.3770751953125,"y":-10.566330909729004,"z":146.84295654296876},"rotation":{"x":0.036742888391017917,"y":-0.9314153790473938,"z":0.09848912060260773,"w":0.3486531972885132},"size":38.627933502197269,"orthographic":false}