{"cameraMode":{"drawMode":0,"name":"Shaded","section":"Shading Mode"},"sceneLighting":false,"audioPlay":false,"sceneViewState":{"m_AlwaysRefresh":false,"showFog":true,"showSkybox":false,"showFlares":true,"showImageEffects":true,"showParticleSystems":true,"showVisualEffectGraphs":true,"m_FxEnabled":true},"in2DMode":false,"pivot":{"x":3.1030750274658205,"y":4.678281307220459,"z":1.0773630142211915},"rotation":{"x":0.17606619000434876,"y":0.05959102883934975,"z":-0.010582336224615574,"w":0.9825504422187805},"size":8.289937019348145,"orthographic":false}