{"cameraMode":{"drawMode":0,"name":"Shaded","section":"Shading Mode"},"sceneLighting":false,"audioPlay":false,"sceneViewState":{"m_AlwaysRefresh":false,"showFog":true,"showSkybox":false,"showFlares":true,"showImageEffects":true,"showParticleSystems":true,"showVisualEffectGraphs":true,"m_FxEnabled":true},"in2DMode":false,"pivot":{"x":243.98500061035157,"y":1.149999976158142,"z":117.54499816894531},"rotation":{"x":-0.025799481198191644,"y":0.015029625035822392,"z":-0.0005732261342927814,"w":-0.9996185302734375},"size":0.9233012199401856,"orthographic":false}